,mean_r,mean_g,mean_b,stddev_r,stddev_g,stddev_b,contrast,correlation,inverse_difference_moments,entropy
0,98.95755004882812,102.77093505859375,100.84349060058594,35.65209827732253,26.79295914728071,32.1899630436302,190.53700103325633,0.8923013212838575,0.13400408533511254,12.077638013015843
0,100.8719482421875,116.73545837402344,102.01908874511719,41.283659065343194,28.166575889560725,42.529560735759375,235.77206959162322,0.8918484728104906,0.15490456553902657,12.348248082330727
0,107.38313293457031,102.53547668457031,96.37950134277344,67.89590395399154,59.85780313901824,64.04685384655491,789.0435068092794,0.8993767001396709,0.11896984131180505,13.38829246879666
0,148.0337371826172,147.38824462890625,146.33885192871094,57.3481755475583,53.849861458469945,60.37042485819431,892.4423443957846,0.8544758494482139,0.09237637906884832,13.722825478663866
0,117.12626647949219,136.94390869140625,144.45640563964844,38.58415163745111,39.33795027441623,47.10281901594152,210.32363357843124,0.9316788724308509,0.18677191013856484,12.24062729020915
0,97.28317260742188,108.95976257324219,96.15554809570312,46.983381682663705,33.19536602677603,48.51657267195295,206.4812797211407,0.9306698256539077,0.18347749549937276,12.261765891799108
0,123.5606689453125,128.9379119873047,119.68525695800781,58.27483637793227,54.14541351871698,64.80979188890926,546.338024798154,0.9130339058654362,0.1450642815174477,13.388686648675677
0,111.63467407226562,117.95109558105469,124.5186767578125,39.74799372889636,36.87393368205869,42.20579521191057,213.4405439914935,0.9257589915660177,0.16148633459335873,12.383120902863189
0,109.18086242675781,126.92881774902344,139.82850646972656,41.81848106089693,44.60166666223427,55.49153520579009,154.1719785659361,0.9612054849289957,0.21452791271866345,12.201363876412309
0,141.5121612548828,159.6916961669922,158.1162567138672,56.26269392188771,49.08746716830562,66.5160004421554,495.68882842536476,0.9111026551604405,0.15850864944112097,13.03030806300211
0,100.04350280761719,119.12619018554688,125.6898193359375,43.92351455452033,38.969683167354916,52.848654046142414,223.10890778186257,0.9347122864125375,0.16911533887515565,12.423027594921656
0,101.78619384765625,98.19088745117188,89.25662231445312,57.04475708900234,48.6318122383935,54.16633167860845,830.3701950722068,0.8435660994082333,0.06413563796503811,13.949750498958137
0,147.29888916015625,149.86573791503906,142.63282775878906,55.194341784072144,52.44444425381926,59.057255747248114,1052.237556468665,0.8171104640386184,0.10910904871816954,13.686525844386516
0,129.03536987304688,139.09243774414062,136.2440185546875,51.27800867600816,45.588245043243695,63.10048202781207,238.24772345672318,0.9498724328349262,0.2260419959818699,12.486403405043543
0,139.68751525878906,141.32672119140625,137.890625,56.191449239776624,51.68896397366936,62.87280924869085,919.4545855109806,0.8424939671454517,0.08659506028875258,13.78175265863521
0,115.98861694335938,122.814453125,131.3107147216797,38.15510016395874,35.142374811838934,44.68418228166504,288.81194804882716,0.8912266292631579,0.15544242989388596,12.44102008735448
0,93.16304016113281,104.39474487304688,98.72755432128906,46.24866131730909,36.09089713050123,45.53334525182483,129.12198110402244,0.9592693067975426,0.17159540630610148,12.115846402796933
0,111.02796936035156,126.65919494628906,120.0152587890625,45.635562998290446,39.54454003979956,54.80758672687252,221.29714711589278,0.9387345909908446,0.1988998786526772,12.392871108841243
0,86.17999267578125,99.30329895019531,92.12001037597656,43.37241548101915,30.807085923079544,38.82070774508102,131.51815407535554,0.9467091145663811,0.15775749065116548,11.818015892393396
0,72.09378051757812,85.31549072265625,92.89518737792969,37.38058657021935,38.40292940764145,48.73325017771327,275.4533329128218,0.9081162309208367,0.16592436515612374,12.650904434441525
0,133.97557067871094,128.50900268554688,119.33049011230469,57.12917533171895,49.45366660946003,52.68401891387468,963.9794939746724,0.8199680633204205,0.09801341709921485,13.568556126877027
0,111.83650207519531,125.6226806640625,124.63859558105469,44.51186651874189,44.723648180070725,57.38987564176299,308.82633533376566,0.9246563223342434,0.15493772528317754,12.798407672658659
0,140.95567321777344,155.46337890625,126.96678161621094,55.05163400921556,37.21001979249665,68.2823207112198,397.3300260416663,0.902756519780546,0.11766862200191845,13.076743978960952
0,100.20968627929688,116.04338073730469,129.59144592285156,39.04812870228998,37.688499964984736,48.28884825371731,325.3791657655707,0.8914603534783807,0.15589762577828192,12.693044998040111
0,107.09196472167969,118.83821105957031,110.90266418457031,47.601010622567365,42.81291869945675,56.63428090748553,301.8643253496249,0.926160634858447,0.14747825931953093,12.766189302514075
0,118.01268005371094,118.02079772949219,116.12490844726562,51.7786421032747,49.585118432048425,55.40221822814094,1042.6635506325683,0.7963164906731873,0.07813974030273489,13.928285805955301
0,95.69316101074219,105.40321350097656,99.319091796875,38.78343456913307,22.70049158420633,34.733313010999815,41.653785638336196,0.9743641576310427,0.24804216543516439,10.856046872748298
0,141.98020935058594,145.4674530029297,135.67189025878906,59.191758171263935,53.35166411406355,68.34957492880199,700.667348255478,0.889376731055227,0.10239144006571933,13.505532718683158
0,151.71966552734375,152.21929931640625,147.61048889160156,55.50605283088224,50.52790110556783,61.94063013752555,1070.062438590325,0.8088067571136079,0.0844118994027967,13.846576876309244
0,120.57614135742188,137.6270294189453,149.7831268310547,52.40746880434186,52.43551548037588,69.3084794422441,382.2540709702995,0.9348521489627306,0.17811450083704697,13.002213929986649
0,93.81242370605469,108.13662719726562,124.22840881347656,39.13987359024448,39.7239126605336,52.19243578544344,159.43286377234708,0.9513212496667747,0.23183913961269667,11.946163652252881
0,111.55030822753906,124.16078186035156,123.47084045410156,68.90128974026034,64.28229739172387,76.11420455841818,541.2358853565928,0.9387134350774399,0.13776078086390525,13.49463238517922
0,111.317626953125,127.22172546386719,138.9188690185547,54.87372203926819,50.084009792700826,62.26938552528415,294.65860340674226,0.9465075317319812,0.14538665043642118,13.11242721685611
0,113.30545043945312,124.6044921875,131.86512756347656,51.17676048558143,42.068709426699364,55.47405438745849,506.14750527140933,0.878809953742171,0.12971837906917932,13.316008185457948
0,125.30448913574219,121.3682861328125,111.64788818359375,52.82503187219893,50.72071527829587,61.0803879483992,572.3420873432088,0.8923116284329216,0.1094584346991466,13.312722130718814
0,95.89176940917969,85.08695983886719,77.58274841308594,51.35636074714571,43.62715863518042,46.12633502222938,464.8372922673968,0.8902219987040474,0.10665768298480105,13.05501175667827
0,119.6217041015625,136.081298828125,148.0343475341797,37.847166058226954,31.515715258028887,46.02452257789604,480.7259361633743,0.7983187387733528,0.10667747024252772,13.041960875672343
0,99.11149597167969,106.18486022949219,97.29702758789062,41.13828353834548,31.337811055796386,43.274197738320176,157.03763517937804,0.935597132165922,0.1838123708389499,11.958595736940156
0,107.64546203613281,100.79270935058594,96.02622985839844,52.45640996821147,45.05411056013631,48.74305243820448,708.270443579392,0.842830557518143,0.09126523166505648,13.40862986527671
0,124.2451171875,119.99009704589844,115.88516235351562,61.86701219420435,53.52342646331495,57.644707640049205,667.0794189284163,0.8952489043203726,0.09420371865906071,13.552869775166162
0,107.54804992675781,112.41322326660156,112.47697448730469,36.868583237955725,28.768436922478134,35.45934907217898,78.38768164588134,0.9612263660907352,0.1853396460379063,11.358212782407694
0,107.12176513671875,99.17179870605469,92.7559814453125,62.886858184239756,56.848037092446454,57.55921443284827,621.7727294640277,0.9093436961418928,0.1856971639512274,12.941650395310923
0,158.2202606201172,163.7373504638672,163.1759033203125,44.49440662299991,38.755056927611136,51.186049174002356,377.92037242286597,0.8907649724451475,0.1573887674086061,12.797903431590615
0,77.99322509765625,92.07566833496094,83.95018005371094,44.79138775741899,33.52725563072945,42.33695718149795,274.135522545415,0.9023681836072341,0.12193495382144572,12.63807644931791
0,100.87513732910156,118.076171875,133.91030883789062,38.94909774435794,38.44646144701266,50.38880489617292,406.3518144764029,0.8701423861548485,0.1393462224279933,12.794435411635778
0,100.42073059082031,127.760498046875,132.58082580566406,30.173170699027363,20.5203550846184,39.24874737254858,116.41705823781714,0.9065406008573114,0.22588452485615476,11.321538249023174
0,131.25787353515625,130.86404418945312,126.36898803710938,48.75408447952983,46.35451046849096,54.61831856463974,902.3460202656422,0.7988572824663552,0.07223746821012483,13.815099310118262
0,95.25241088867188,102.16244506835938,102.26695251464844,39.18364975195528,30.02628512839183,35.698051357943015,199.00678685781895,0.9094103571105042,0.13856881307545726,12.326960631677775
0,98.4510498046875,104.76240539550781,104.060302734375,48.295181066839056,41.584095771027116,48.59801931914807,179.0115783292482,0.954207077942788,0.1790140342937517,12.1335021456999
0,94.98263549804688,106.69622802734375,100.7911376953125,48.50748130108637,37.82983051879582,46.45466866784902,224.52095292375515,0.9347826007215647,0.13891391937201825,12.603414315635433
0,93.9813232421875,101.54197692871094,100.06184387207031,43.0111355472223,31.799990854674437,37.602437875076184,196.57185783412618,0.9224168584938466,0.1467188585921884,12.036228493960706
0,130.44981384277344,128.8377685546875,129.07505798339844,57.26205050152051,55.58850507335292,62.96181260610123,1514.1709822093658,0.7635215036795487,0.07280465994290188,14.185761935855759
0,95.66447448730469,108.73039245605469,99.14216613769531,31.105699339429407,22.747079952534,31.04676845721584,150.77436393154068,0.8744093123894916,0.1435807239404337,11.868937276282587
0,86.13542175292969,98.43032836914062,89.82534790039062,46.51524171025958,41.423996764247654,58.490079502498155,476.2208770214576,0.8793763459675601,0.1086464473743223,13.144823426331172
0,127.01997375488281,135.7318115234375,137.29580688476562,50.29937365987258,47.429240045241755,58.545864480752556,425.62981640174416,0.9125010486040986,0.15206513477771727,13.108949351560314
0,145.02471923828125,145.1895751953125,144.0084228515625,57.02328978517552,53.376582419140284,61.75409284618138,1059.6828359284882,0.8257141242156764,0.08820710723913901,13.884447292373732
0,133.19036865234375,137.90533447265625,130.01956176757812,57.292429159317585,53.11148074405951,64.17090472203942,169.65554474240668,0.9719850474302866,0.22427321406988104,12.080693956780891
0,84.06343078613281,95.12886047363281,90.23095703125,49.171988779829626,38.664230773310514,45.09390806248404,164.72151603349658,0.953960954431203,0.14645790733580408,12.255359602268465
0,100.39509582519531,122.55073547363281,130.17428588867188,41.85460834243792,38.724711243244315,53.80298296328345,230.1115214550892,0.9302385556845942,0.16743641340768506,12.50800213981532
0,96.86428833007812,93.86265563964844,81.07283020019531,65.4959497705511,53.787588879399465,60.24370740030222,424.30643065467564,0.936390807686476,0.11259638483194336,13.20683726820209
0,106.62506103515625,110.3558349609375,113.66708374023438,43.98764818384018,40.36623264772213,50.16719793158626,337.96180512002564,0.9052090458792321,0.1520319051089783,12.891772423339354
0,130.27120971679688,139.45758056640625,141.42782592773438,45.19352975607186,42.22448719930175,51.194115010935604,408.3962257755428,0.893406295336567,0.14442455458841383,12.833148888921915
0,86.51115417480469,93.94869995117188,91.18205261230469,45.6818880690919,35.424339696236615,42.79265067385971,135.90139372476926,0.9556076870047491,0.18494854927492316,12.063429370397365
0,92.47830200195312,90.77438354492188,79.21182250976562,70.64498873934397,59.99023129541432,65.6137673468981,318.67540358575997,0.9605749133633561,0.15675908510396988,12.62866009941468
0,142.05023193359375,146.55410766601562,140.73390197753906,45.30691348854296,40.83928688312514,49.589483357755626,834.9752419742399,0.7712497019169274,0.07873641639542141,13.545275985198158
0,140.8650665283203,139.52645874023438,140.27288818359375,56.3512147900528,54.131964624651474,59.97409816733026,777.9613407253214,0.8726906232361056,0.12192554948786591,13.506482137192148
0,97.95463562011719,115.23539733886719,123.78492736816406,35.290008594493216,34.099422166968964,42.41084786167382,240.08355162377438,0.9016989457186085,0.14395476190562503,12.52004417402139
0,157.2275390625,154.2397918701172,153.42318725585938,64.36677844684654,61.59381251170599,71.07313567512634,809.9353866151234,0.8985392688031163,0.1003377150394022,13.726182572690433
0,95.63482666015625,109.38253784179688,121.40020751953125,45.50222985332946,42.547044593799704,57.44739300093104,188.90623507184716,0.9527118660602042,0.1714112558289504,12.645703156817753
0,97.6124267578125,114.478759765625,136.01559448242188,35.795677111525144,40.01165609923708,46.23105048589005,330.32776815107144,0.8914376961432223,0.11743383991917888,12.950639658226411
0,125.02720642089844,132.27603149414062,126.56326293945312,43.02124571853911,31.75617178223282,40.18363147809427,107.05174890667044,0.9581514070479171,0.1762297399487245,11.829183068314915
0,97.19178771972656,109.12646484375,118.13107299804688,40.21364955050409,37.02628317894725,51.219119424537574,422.83446146013523,0.861665806620758,0.1409342002450889,12.947255942158673
0,120.16009521484375,137.58114624023438,148.37823486328125,47.97634531827488,49.413290270691206,59.19181475296671,234.26413448253058,0.9526466084053048,0.17541248468157616,12.778794872119882
0,93.35566711425781,103.86222839355469,93.04551696777344,38.97082577734392,27.77029887882769,40.24412715983553,182.50545862769113,0.9115044205318263,0.1425580950792785,12.21786405639741
0,117.82957458496094,115.24787902832031,105.62405395507812,57.30102471020079,50.16710664924433,56.35435137344496,944.6009375901089,0.8293383597676767,0.09374750925964409,13.697778500769068
0,102.08015441894531,109.32002258300781,117.54576110839844,37.50628282915711,33.98429938173308,46.86137998131286,422.43437240184033,0.8354403170518611,0.1367171338391886,12.943562019583997
0,141.37147521972656,142.96607971191406,142.7022705078125,47.81621644751355,43.71903507909414,52.157661681586994,798.9645130779022,0.8077472835127643,0.08913178128242814,13.594465823295828
0,95.29910278320312,115.16065979003906,132.57972717285156,36.62335867730225,32.6615331526263,43.55925974906487,141.7396302053296,0.9403964131415299,0.1783769108707275,12.063956180374394
0,104.50828552246094,105.67518615722656,117.95948791503906,44.50949466884891,42.08188397902806,46.33421246110793,541.9357473537817,0.853342875190541,0.11715836002242624,13.254168582505592
0,115.86314392089844,132.5012664794922,144.03199768066406,42.66677653458355,43.316741761173965,56.785456788999646,397.9120719044355,0.8985565276791951,0.12373406983658033,13.1394000575102
0,105.27986145019531,120.45919799804688,113.71853637695312,44.7431164884714,38.85428391636716,52.51983734599713,390.82033245927016,0.8879114470683678,0.11628554181085353,13.130314942764477
0,100.77423095703125,106.83480834960938,104.84747314453125,32.846716144746246,21.611480415327375,27.388185808601595,102.58432285659354,0.9191420934235235,0.16038375953952264,11.573910060907412
0,82.92416381835938,95.69267272949219,91.39694213867188,42.80081549147028,31.0126826575475,38.967664948620175,168.00583067510078,0.9322852920355548,0.13935664187081231,12.145770952442772
0,150.24075317382812,149.3365478515625,133.48484802246094,51.7629047312826,46.0743704461434,67.03536702397228,289.4156841569346,0.9390860350517487,0.15769612577628236,12.913131012464042
0,96.63117980957031,107.47358703613281,113.5528564453125,44.51078035690464,42.54273046470394,51.01069721984196,169.09727567221728,0.9544084071921234,0.20549387072335934,12.32819893243046
0,115.11390686035156,125.68759155273438,133.93360900878906,49.35318734915821,42.01788235481616,53.6086381090509,470.67636419886526,0.8835443123917979,0.15557127704143053,13.113895327896337
0,145.4854736328125,144.77191162109375,144.75485229492188,64.07052257442002,63.4654209614993,68.47710258283279,707.3893633157915,0.9132462179730314,0.16919400326648473,13.120553018650758
0,112.64143371582031,122.88026428222656,125.384033203125,45.431762677454984,42.735746349151576,56.3824304597081,322.7083425545461,0.9187991817224912,0.1339130767574299,12.94441786806172
0,85.61990356445312,84.96548461914062,74.80935668945312,78.35300165282935,68.9411389855577,75.19676217174828,406.9654540020663,0.9609829341939027,0.20031306738722976,12.071334281434044
0,92.95086669921875,100.69635009765625,99.55181884765625,45.20560765392011,36.96277485470298,42.11899241242931,237.50792653366474,0.9248736590429004,0.12178727389076927,12.665393425027705
0,108.180419921875,126.7705078125,134.4244384765625,47.23532905523659,45.88072205283808,57.81457711367548,353.6655573126918,0.9198947880287578,0.13389566233283617,13.138274564791026
0,86.52719116210938,99.37165832519531,92.55960083007812,41.88499865057969,29.111024709131765,36.897211183264005,103.72628490244131,0.953696055852511,0.1852210702279049,11.706424749321677
0,95.7103271484375,117.67025756835938,127.81004333496094,39.74695596626715,40.700671386064776,51.85997055986717,259.79825190431546,0.9230826038772783,0.170775704446483,12.56651021863398
0,99.09164428710938,105.59237670898438,102.83247375488281,43.55070567288078,33.276126263320755,40.470768630532135,97.07263459366582,0.9645087243829743,0.17494559871185392,11.763831954731131
0,96.07185363769531,104.49166870117188,105.84996032714844,46.410074324417046,37.36780562058807,44.569011823000935,145.5521034878411,0.9560227495729576,0.16184621577809477,12.121874414482992
0,86.72526550292969,95.37648010253906,95.1640625,48.10595491237353,39.94380324149765,44.72238551729348,153.52816970936647,0.957895339159653,0.17211406195788936,12.157217745837006
0,122.11502075195312,130.9814910888672,129.00582885742188,42.75852675566022,37.07118893620545,46.07902237129541,295.2133034920461,0.9030142513144946,0.1585739387761765,12.569890669527467
0,81.16561889648438,89.04757690429688,86.21925354003906,37.36551903185341,30.106117669918426,35.18893587877713,199.95309991950194,0.9050522840622012,0.15025319008853566,12.314396389181493
0,96.84706115722656,104.0281982421875,99.7164306640625,51.15353203176325,40.33786596900431,49.97383167566533,77.4699028168252,0.9805162097555231,0.2272021953892454,11.254657212861005
0,72.96488952636719,79.30393981933594,79.02616882324219,34.73959440926824,30.30876034607989,36.22098113655189,86.33800384767873,0.9568542543327634,0.21891751791386058,11.525166385336362
0,132.74217224121094,149.4286651611328,119.90684509277344,55.891903837830625,47.112865313933206,60.55475481603614,745.2481349420889,0.8520463320272068,0.07923091981223943,13.76774919125436
0,108.1534423828125,131.63160705566406,91.75456237792969,58.50895491745527,49.403775005141874,70.00334084694833,875.2076041366294,0.8436703843975895,0.08323550905922321,13.952814024482969
0,94.30075073242188,103.49444580078125,90.12165832519531,32.95417151273413,25.399229304800258,41.25520523395157,218.6975347372404,0.8615531983603109,0.14444123202780346,12.117442237578107
0,94.18524169921875,103.36198425292969,90.02882385253906,32.753824296859,25.168361811462844,41.124236877548505,179.58421703791805,0.8844882252784143,0.15475055448580988,12.004160757066586
0,76.79095458984375,86.63307189941406,72.31439208984375,43.24560984613072,42.98375226028426,47.42214114316355,185.46768702241923,0.948549872466064,0.2674934747212716,11.037350243324
0,84.27255249023438,94.3900146484375,118.21742248535156,26.516066281563525,24.154981959558203,38.98326552838806,164.5950292105199,0.8726559624506267,0.18831574893983766,11.628856343822315
0,83.88987731933594,93.95335388183594,117.65245056152344,27.199460889470227,25.041017499615055,39.5162576688939,224.14072419562177,0.8340726632272644,0.17737820077343286,11.7713494468172
0,83.90727233886719,94.00918579101562,117.72154235839844,27.102002074552075,24.92170921959268,39.63037562473088,191.1907018334294,0.8578490740850597,0.1890510359130566,11.681129895549656
0,70.61187744140625,85.35903930664062,74.87860107421875,26.743707423586898,16.10845704540658,34.23316088310961,69.79865126994423,0.9108558756073319,0.19418855496261495,11.049390119240222
0,70.20506286621094,84.92672729492188,74.43936157226562,27.02815845538604,16.988857497192367,34.38951953275841,99.52324906586406,0.8772532346743604,0.18470659262509445,11.14645266799014
0,70.24853515625,84.95823669433594,74.43116760253906,26.99505452940666,17.003736508919932,34.3935713099501,96.65362615940982,0.8807823299942884,0.1966896521229965,11.085985562873773
0,54.60139465332031,70.45703125,56.8094482421875,32.09128763501859,33.34615265073987,37.05608723160429,100.40527067413973,0.9505736950429434,0.3030254754728497,10.23623910573947
0,127.40266418457031,133.9636688232422,109.88536071777344,56.56427142086955,56.11403224233523,58.07089553301093,956.5784341959815,0.8412451289884995,0.07193544504831478,13.847086889599108
0,108.59129333496094,115.58595275878906,90.81837463378906,66.79634089150235,69.16928539852915,63.487318933977605,909.0600865802809,0.8981640106586057,0.18726115971194282,12.735816533150096
0,111.78170776367188,122.07559204101562,112.98275756835938,45.87874762359283,38.33719913291798,57.788980714786966,552.7218264159214,0.8364034363390757,0.1270418235723067,12.87783343836331
0,87.58709716796875,90.95281982421875,92.23835754394531,61.800587412362184,64.29553130702395,68.05755777950556,872.8348586631337,0.8903395988885647,0.22002537372584002,12.548926572437395
0,93.91188049316406,113.05119323730469,82.24403381347656,59.00764572386712,59.40915280691901,63.05429791039994,588.7269238544066,0.9117962653123147,0.17444211616467212,12.898567153440894
0,71.66059875488281,90.8572998046875,59.86073303222656,58.936685980616694,67.01007294364086,56.336197777530835,567.5578607837126,0.9261232167619915,0.2882956220721014,11.815157576055402
0,116.4903564453125,124.3509521484375,115.71824645996094,46.34966330878565,39.5620364194756,57.00036787227352,779.0123370969093,0.7772450579409577,0.07672187013673118,13.615116301441123
0,115.92434692382812,123.76109313964844,115.08935546875,47.351954494858596,40.88919622254691,57.64929597057486,923.8183798148541,0.7479741923810505,0.06839303610635336,13.767071636955354
0,116.04014587402344,123.82962036132812,115.15061950683594,47.18813983427149,40.63262802877534,57.53762756967973,905.3948772857788,0.7504966036166253,0.07380484526353938,13.71380710652366
0,95.83494567871094,104.59770202636719,92.91770935058594,58.982462407863636,57.46372895554337,65.78654887989899,845.0793198078859,0.8717480037009713,0.1857026488707459,12.616070957341028
0,110.40049743652344,129.45326232910156,132.87619018554688,25.64518817697464,18.094579318059342,41.66234252188774,60.923702782583604,0.9296822270104684,0.36297094296110477,10.367123144572556
0,88.56874084472656,102.14323425292969,80.00448608398438,59.41108693682203,56.90808356711545,65.97778624821308,920.1226650807374,0.8598519353357386,0.17869412186648945,12.721625418591461
0,93.18928527832031,97.50979614257812,90.26322937011719,33.624759696725164,29.815976040186072,41.302548506782884,87.28874058354955,0.9551761779777506,0.19379702595539056,11.652697819369308
0,92.68275451660156,97.015869140625,89.72663879394531,34.002850839171685,30.429546467524027,41.61882046195193,105.82973003171853,0.9469112392972239,0.18058477578933463,11.75657917196049
0,107.46731567382812,114.07815551757812,106.30964660644531,55.58854800920719,52.93901406636308,60.55051946458647,1506.279881866348,0.733038477824693,0.08213462716539095,14.178014346468208
0,107.50242614746094,114.12203979492188,106.27793884277344,55.657840334017735,52.92875834137752,60.60727787744261,1445.6669707564383,0.7445886639516762,0.08241347881475061,14.154260039436288
0,117.53500366210938,121.25161743164062,114.69482421875,42.2503228172473,30.975323811868794,49.979803123677875,485.84768024918264,0.8078030450943586,0.20387052989309734,12.214047854817805
0,117.49191284179688,121.11346435546875,114.57582092285156,42.02859971347149,30.740093410415227,49.89641938992922,431.69122831362904,0.8270748307290002,0.22005526679572074,12.114273547798778
0,81.3165283203125,101.10519409179688,135.0364227294922,24.290679455429494,23.22804414471844,39.38448276401352,79.92503240940981,0.9291984895352046,0.23869125950927794,11.101090580622465
0,67.17851257324219,84.75531005859375,111.09700012207031,35.92481700904355,41.51054196073078,58.91225314060136,129.0508441915369,0.9608893965563006,0.3328405812195734,10.457830880146837
0,114.19905090332031,126.88900756835938,98.26953125,55.92914599981088,47.754037199630694,67.1615380663261,968.9103579602788,0.81214437963559,0.07268690096686342,13.963801506664764
0,113.62358093261719,126.18223571777344,97.76141357421875,56.57209527745299,48.772848799422526,67.37212522387502,1087.9773754685687,0.7948430155612496,0.06645860846185549,14.074705124592574
0,81.25825500488281,89.89889526367188,78.36788940429688,32.650828000572375,30.50284202467521,45.31159350293121,191.98605198421262,0.8956743866700498,0.1447394801766883,12.099642197297117
0,101.42910766601562,110.51052856445312,114.22802734375,34.869243545272965,24.174048569835225,45.86079712568414,307.2846925010811,0.8122912726923406,0.10292353258364559,12.647302301152395
0,82.68753051757812,92.25650024414062,92.06663513183594,47.8077853402656,45.44237083652102,57.337142788789684,369.1483163777151,0.9137384460050415,0.213788264314896,11.810276814042698
0,99.11982727050781,106.06864929199219,93.6314697265625,34.21340702713974,30.906484548596573,42.67356477668652,171.17801811502773,0.9147285506175814,0.14654669207324023,12.181184710216431
0,98.608642578125,105.60137939453125,93.16841125488281,34.743110350251456,31.625081645948296,43.01287405022317,197.7854812602123,0.9041152699876587,0.1479220335249788,12.2316212455897
0,80.75035095214844,89.23744201660156,74.47222900390625,46.16809458864076,47.61833919930719,49.83829035794693,211.85407586625325,0.950407961419714,0.2508219731391527,11.350383650803959
0,108.56005859375,121.60166931152344,98.17646789550781,53.8489076819715,45.80088545720044,63.51661022125509,1076.8192128628402,0.7724729353844445,0.07960189471492947,13.908715988097155
0,84.64266967773438,98.89854431152344,73.32527160644531,58.21269636570522,58.160536067376846,62.06810455495742,932.1865369238988,0.8573461084550428,0.20226254070113667,12.615561741979535
0,111.30218505859375,126.26325988769531,102.64497375488281,51.88017192413555,47.872506095476275,60.7877359625298,142.56252538086306,0.9693589513160212,0.23426576718095973,11.827909637902788
0,110.92796325683594,125.89865112304688,102.23666381835938,52.17964259982364,48.388028989605374,60.921926263145025,203.58540579344478,0.9567193012234341,0.22054083083234305,11.958445952295067
0,110.7071533203125,125.65699768066406,102.08226013183594,52.21772896594852,48.43195259483338,60.91788440495289,196.00352960700206,0.9583312301599853,0.2317506800723243,11.901738224625555
0,91.33807373046875,107.72201538085938,81.89762878417969,60.48478389328684,63.24240605614457,64.394690863598,211.17937373846593,0.9713192943852706,0.32135604786667366,11.11040644697508
0,84.10733032226562,97.00814819335938,74.52993774414062,62.932992697006966,64.47620912952596,65.19362514458906,986.7541039504029,0.8765031117910794,0.24194180039027036,12.421656644583194
0,78.07139587402344,96.06437683105469,101.09858703613281,34.46572211127504,28.674300975084922,46.59047372216639,74.8647562536043,0.9616548539790515,0.3052497416697249,10.837695921308885
0,77.75357055664062,95.71815490722656,100.70440673828125,34.88920017900966,29.345709569802583,46.833477013816776,112.72847108083423,0.9435069117287492,0.28675599685626435,10.985726781164168
0,77.76789855957031,95.63134765625,100.59939575195312,34.82142478297618,29.29861488567299,46.869517995859326,101.03875792964236,0.9492214629419057,0.3023353410900963,10.907213257777464
0,64.30307006835938,81.20735168457031,81.75105285644531,43.46121528704673,44.578883052840915,56.49461560914101,115.71070359056606,0.9707323788790742,0.369387602324052,10.451369129371487
0,97.64019775390625,118.17440795898438,128.14761352539062,38.308361705029796,33.92810996906293,62.362538285725094,138.63900519031137,0.9501086511117111,0.2358302994952664,11.425117323908047
0,111.50534057617188,117.78363037109375,103.62646484375,22.451702629654473,19.683519670903852,29.225410196021496,119.31028759972122,0.8327607754721481,0.1519063335508598,11.391162222448429
0,110.98037719726562,117.24806213378906,103.1112060546875,23.462658620982268,21.193290258234377,30.012833337618794,166.30969430327272,0.7880052372301741,0.14313442245143426,11.516771510165478
0,111.02420043945312,117.32701110839844,103.21736145019531,23.50254048940067,20.95840651975452,29.9421547948826,159.6749456338908,0.7936948805574561,0.15362141205844876,11.425608526544984
0,75.98158264160156,85.00028991699219,86.69013977050781,55.163151177548244,50.783339349219055,61.64950658204069,180.6198220636293,0.9671508222791546,0.2981831597127389,11.165348659555535
0,104.16331481933594,118.22819519042969,105.11459350585938,44.63208140399014,38.5935417071427,55.105300172469306,480.494076376874,0.8538006458594648,0.12061367605970753,12.996671833816901
0,76.90217590332031,82.16831970214844,73.79251098632812,44.83685600211189,44.53503723365092,49.051146079451016,109.19006843822083,0.9721168760903013,0.3056016734535594,10.720165425218845
0,108.03770446777344,114.6455078125,106.93936157226562,54.85770747989984,52.03111105777186,60.045359062983096,1333.4747047109272,0.7570672774238112,0.08783950667745916,14.061921104585483
0,100.95527648925781,110.04769897460938,113.64527893066406,35.73010723009095,25.71980690042834,46.41663045453653,425.26400443939804,0.7562069006195815,0.09629381749001197,12.827642525761515
0,101.03273010253906,110.09982299804688,113.762939453125,35.59424487837981,25.332010155020484,46.42693684591706,375.0692574070067,0.781975726441593,0.10440800438853967,12.733095072603469
0,115.61451721191406,124.41197204589844,110.96589660644531,67.66735783034399,66.2656703817871,70.2077256235174,699.4199820531762,0.9194994073601156,0.19176169817374422,12.93078858779349
0,105.34220886230469,116.71849060058594,96.37876892089844,58.34262648225129,54.20477173595789,65.25229624003838,1052.7935592981053,0.8294046067423082,0.1297961629612713,13.543457621457893
0,48.97926330566406,58.48066711425781,58.583831787109375,19.19972493405098,16.630214936883732,31.125590105867893,108.29396419045557,0.8117205052048867,0.18623993496420393,11.076079976191647
0,49.02262878417969,58.52049255371094,58.67198181152344,19.0468683673502,16.45741207877572,31.09965974995781,97.51412278330449,0.8274480856271653,0.20430646487199453,10.940817654115747
0,100.33139038085938,103.75218200683594,97.94319152832031,54.371041812160385,47.45796450757475,57.04476395727394,747.5442264393496,0.8436076122946483,0.12620306160115186,13.145837830018321
0,105.96199035644531,115.59423828125,98.16781616210938,53.8873331162278,47.05507792628018,64.03401548018822,1408.7152844759216,0.7157153667157778,0.09515851601977277,13.776770578507975
0,87.50198364257812,98.64155578613281,88.47404479980469,52.477367317137954,48.33049369595721,61.5779245144656,607.1978058018547,0.8792415751931966,0.14259583386590974,13.160902466627327
0,87.27194213867188,98.4659423828125,88.11578369140625,52.31407324641638,48.17303463158431,61.47231350996694,566.5448293024314,0.8864877260734757,0.14894527860499152,13.109054348553062
0,68.84489440917969,80.30943298339844,68.45077514648438,55.39336266149654,56.04635717834107,61.888932350778724,523.3836819822901,0.9154695129673112,0.2519318600292247,12.067539262002173
0,99.24943542480469,110.50308227539062,99.70474243164062,57.020510209758356,52.26821091110001,62.67158755325166,899.4120389093127,0.8422725534344142,0.11489116423792717,13.621383834528963
0,114.63981628417969,118.58409118652344,107.97372436523438,37.076165416381045,33.81323209207,52.14469537623247,734.3678729935596,0.6912761196018674,0.08960383971584465,13.0514746034371
0,114.74313354492188,118.69390869140625,108.11552429199219,36.85001220497855,33.5423184166091,52.113544091208745,707.7364588439536,0.6986461439889047,0.09194866618846514,13.014964360928355
0,96.24847412109375,101.6158447265625,88.04765319824219,51.576532750678865,51.796560158067564,59.9682039798768,662.8307033803101,0.8726786921690509,0.1975245625245647,12.061814381683686
0,99.50941467285156,107.62033081054688,97.52493286132812,53.64717467920562,46.958392466470734,62.60199919847125,810.8048249020802,0.835385710124837,0.10199201165556691,13.597821311729735
0,99.62631225585938,107.71304321289062,97.60377502441406,53.61509807189521,46.87924419110535,62.59972807926424,779.9100652843852,0.841386716706338,0.1075581125216794,13.543884625121413
0,77.34797668457031,86.86500549316406,73.4296875,57.820254625574364,56.51236970289979,63.142571811734115,700.1984726727696,0.8906970815989862,0.22559798350047738,12.366850880037292
0,117.90190124511719,125.92543029785156,110.78738403320312,39.17848996547864,31.38368003576159,51.5683989004292,359.6251516844481,0.8352785538884777,0.1972097112829636,12.068128896896402
0,96.41473388671875,106.6121826171875,87.83723449707031,54.82236321964606,54.167547085389614,60.16078067105368,329.1696000036043,0.9414925399570246,0.2937769547609721,11.314369381297817
0,89.1485595703125,115.90084838867188,121.46368408203125,33.02564783124185,26.12665452975094,54.6463415944742,135.35057525951552,0.9256631291819685,0.2584976482950259,11.210229497806079
0,71.49545288085938,96.25833129882812,95.70025634765625,42.38500869975143,47.082478078270555,63.52576384470655,153.3218555213139,0.9642494606978085,0.34294608354730893,10.536383595897478
0,113.05560302734375,117.72779846191406,114.72666931152344,33.52114460089529,28.68891246947263,43.40776206844568,190.75998690407528,0.8900446006885843,0.19229985297794752,11.679357972158437
0,113.15586853027344,117.76091003417969,114.894775390625,33.46656948715501,28.58069221873591,43.30944520531889,171.46956016015469,0.9009632061830481,0.20621227276504286,11.557317481226328
0,121.73823547363281,130.98687744140625,114.68025207519531,70.36873537081101,68.19217148701794,74.74745594221865,483.3580167784021,0.9481333881290367,0.17374491387134935,12.97429569493511
0,104.69328308105469,114.60456848144531,96.20169067382812,77.24621767167804,78.32426086838721,78.71364895809285,507.6718564824823,0.957469139673596,0.2548878428729233,12.167901410236567
0,104.66851806640625,118.67533874511719,105.61566162109375,43.946520970619055,37.53621241100792,54.76044622738404,356.28081567185666,0.8878524868247084,0.13001422711203486,12.826822113613702
0,77.80154418945312,95.32875061035156,77.804443359375,53.62312977105685,56.373613641525296,60.1984386540828,844.8784938034644,0.8601205536563659,0.20920430433704465,12.532444453643468
0,107.10296630859375,110.37509155273438,115.59162902832031,26.16744341659649,20.17314936981802,39.60393665045138,38.84520544982698,0.9578030818956325,0.3687129817671634,10.153899089413486
0,59.99468994140625,69.80587768554688,64.39967346191406,46.292668001739685,42.61947898140206,55.06262613728648,352.49780359417036,0.9102052940869054,0.23257073159858194,11.795267851331264
0,87.2723388671875,103.68595886230469,75.9747314453125,58.432783495313394,56.71958904652094,63.5798517996033,918.4551814956978,0.8575614394231623,0.1793748024143905,12.666956993622945
0,128.69683837890625,137.35691833496094,121.05331420898438,49.91801487437469,43.906014776954656,58.818528708735606,633.8046378346064,0.8502502504773078,0.10484842423611258,13.16975679588503
0,128.65859985351562,137.48867797851562,121.07054138183594,49.790584938599295,43.79733411768045,58.79578513358736,617.1110532457465,0.8533981659824756,0.11235210431081478,13.08713886587584
0,105.81492614746094,114.97154235839844,98.18141174316406,63.93790358719279,63.5597935014949,67.7550207095872,618.1065895478899,0.922294859639611,0.22820658084188866,12.09241169715938
0,109.517822265625,108.11917114257812,112.01657104492188,36.06569043910389,27.590025781140746,52.46660721931187,59.47311612420701,0.9686084452999244,0.31253938930444725,10.91912880548597
0,109.00959777832031,107.61589050292969,111.32266235351562,36.491420409097145,28.36796148088163,52.75527030786236,98.20798043420797,0.9493623995787046,0.28914091450312673,11.083849640186099
0,89.00595092773438,90.71989440917969,89.46774291992188,50.370400144134344,45.98315139399038,61.59585244824921,133.09570160815548,0.9703077609472841,0.37193875976337404,10.449727786183825
0,100.69525146484375,115.65309143066406,124.90106201171875,35.55595255879841,30.76395702017619,52.1479304876576,96.75139286872835,0.9569358619262148,0.23476836570535936,11.462414080286154
0,96.22651672363281,113.66001892089844,99.07089233398438,47.81234559424709,43.628237345738896,57.81168768356364,829.1773264189248,0.7966942590401164,0.10794603447634715,13.563865882318474
0,96.65721130371094,112.66143798828125,115.73585510253906,35.07174832681906,28.30897078553185,50.74824263628631,147.81719063881673,0.9251368348786864,0.1637553222278343,12.099294943918927
0,83.73408508300781,97.17088317871094,102.58453369140625,30.49782189286752,23.98605872528107,48.14863773741766,117.44097085556032,0.919192078751907,0.23626833855161916,11.34669389770297
0,84.15658569335938,97.5621337890625,103.13714599609375,30.048153471772824,23.174725817925154,48.00434590880294,76.59018280228756,0.9457771849592075,0.25318527688072445,11.222700587928209
0,141.1628875732422,144.3638916015625,118.57087707519531,53.964627043193246,54.66179165724132,62.72309752016554,942.204257166714,0.8409025556245611,0.094383061215975,13.655387343134379
0,128.75277709960938,125.26251220703125,98.96736145019531,49.95380930606926,48.68611156594324,58.99067138193358,689.7834774786133,0.8571513677574131,0.110150036216289,13.438864177027263
0,141.1645965576172,144.3655242919922,118.57196044921875,53.95975909374194,54.658113598113395,62.71578285297662,942.2098854406952,0.8408740017788663,0.09438474415654993,13.655416376713049
0,141.1645965576172,144.3655242919922,118.57196044921875,53.95975909374194,54.658113598113395,62.71578285297662,942.2098854406952,0.8408740017788663,0.09438474415654993,13.655416376713049
0,128.75279235839844,125.26252746582031,98.96739196777344,49.953814421639336,48.68611414766449,58.990656137606535,689.784083375384,0.8571511269376784,0.11014771289425229,13.438836510079673
0,127.86549377441406,125.10255432128906,99.15837097167969,51.46618806469194,51.28677697039071,56.97761728856692,645.3679312944537,0.8760305253552912,0.10962724650269781,13.324903060765667
0,150.4586181640625,142.7045440673828,121.10107421875,44.590135780577896,46.574414190973044,59.372011962793685,737.8845056138257,0.8291251830702477,0.08896705176819074,13.537266639301475
0,119.1226806640625,121.578369140625,98.02352905273438,50.147147618767065,50.653642477291314,57.679068692052454,793.5922022629512,0.843269614398824,0.09331660030454189,13.5871594861743
0,123.99629211425781,139.55746459960938,116.22561645507812,47.473720002395446,45.26373817388582,56.3010730099233,938.6923788777145,0.7775074948556979,0.08882433385400196,13.594987647079908
0,141.2860107421875,135.71951293945312,111.46304321289062,57.86858199053773,59.83808160048292,63.2607883695215,753.9637372194583,0.8878531950005163,0.12648452348994024,13.441490648642544
0,151.06593322753906,157.82980346679688,138.1410369873047,54.19662171459884,51.419300684150855,66.50019014892082,699.3873287317374,0.8764309621757262,0.13568103029934453,13.116111162190673
0,143.73638916015625,138.51478576660156,104.92947387695312,49.22888720307266,51.82553701128488,58.85593684328484,988.7561816368695,0.8017746968556368,0.09613387231990532,13.753105180741489
0,136.58038330078125,139.5219268798828,116.60899353027344,44.57494370603343,43.113121186370726,52.11618435223121,813.4945916083952,0.7893052233495883,0.09901423101356956,13.456331070044103
0,141.2877655029297,135.71368408203125,111.4935302734375,57.864015269931606,59.839143350369376,63.232525760874594,753.9982512885663,0.8878365181383558,0.12643537799784113,13.441424244262697
0,136.40402221679688,134.89256286621094,114.30804443359375,54.58370371604362,55.92905735311289,62.737238609798496,1190.8458719452844,0.8064069183997457,0.07249568408080456,14.116205339675865
0,136.405517578125,134.8927764892578,114.31594848632812,54.58034604945811,55.927058745917705,62.72790113538681,1190.8612080840292,0.8063799725622909,0.0724664231475274,14.116436515524718
0,121.67652893066406,132.41534423828125,110.359130859375,55.732495179501186,53.09582182541363,61.60251013559686,1083.3947409650125,0.8158344316447925,0.09184036165406964,13.903292515006981
0,154.1800079345703,143.3321075439453,105.15327453613281,54.84837768803835,55.39779774930416,60.72635512079902,535.7273258332128,0.9071134779460099,0.11994697867349385,13.20120088115672
0,157.5387420654297,155.0440216064453,116.65090942382812,41.449142663258584,43.77521036994713,53.707215709944876,557.4669476583523,0.8392200312873399,0.11825004875741343,12.693208295602345
0,158.5538787841797,160.94729614257812,126.68392944335938,37.775735887371866,38.505761042163876,49.59007881899684,617.0457776005619,0.7790898562648851,0.11113162555286785,12.793993305463411
0,143.18780517578125,141.49085998535156,120.0003662109375,46.1880534416598,47.436250737062146,58.88462229259581,683.7377481617643,0.8422142985905873,0.1233741988192442,13.067104830212866
0,132.91627502441406,141.3131866455078,117.23606872558594,52.30964718145765,50.21902693159367,60.14839675564573,1057.077667363513,0.7973909948807671,0.09521173473976594,13.758880797206071
0,143.19297790527344,141.4710235595703,120.10708618164062,46.17467677499374,47.45552743305973,58.737037880501624,683.8612868247785,0.8421383969646974,0.12340815492564093,13.067032533124394
0,143.73968505859375,138.50747680664062,104.97389221191406,49.21655485976333,51.82575468940765,58.79942941318409,988.7393596813718,0.8017051006291671,0.09610592907161719,13.753385288063443
0,143.84963989257812,149.86766052246094,106.69261169433594,44.82916083722007,46.93819522993346,56.19433316784322,944.2091961775511,0.7707840491176804,0.07046744478038054,13.589376625183771
0,121.67649841308594,132.41531372070312,110.35910034179688,55.73252566641704,53.09585942379025,61.60253310166862,1083.400870999134,0.8158336204812965,0.09184105225934451,13.903357644411082
0,133.32608032226562,144.3470001220703,129.0661163330078,41.238992535750256,36.28448148523812,48.22499132375669,967.5151475844619,0.6692647186978623,0.06200718670752407,13.670309465486651
0,126.78446960449219,140.38006591796875,115.69638061523438,49.40890885815923,48.644169312479,59.41130681960577,1012.3815526029643,0.7878079941085163,0.08151790373402903,13.738990437406867
0,159.28152465820312,167.08790588378906,136.58157348632812,37.223514817790395,37.909482777981445,52.55140014120922,592.2388068891769,0.7842299525643511,0.09892260346411737,12.950463686648124
0,157.53854370117188,155.04815673828125,116.63252258300781,41.44904934235589,43.765501930173755,53.737106840917484,557.381407181132,0.8392307664080836,0.11825237529441855,12.69280135696383
0,131.11573791503906,145.3416290283203,119.16044616699219,46.41732840853304,42.94880578823268,56.14211060404928,913.1601286764696,0.769075036948816,0.06454900064759596,13.767243434323012
0,149.35897827148438,156.9093780517578,128.31503295898438,39.12653826574936,38.16068162406278,58.09140833421352,624.220226490412,0.7928676399412466,0.1078827087348294,13.018662566390743
0,151.1079559326172,145.25698852539062,119.22238159179688,48.72240855995138,53.199768415715006,61.409809381509504,622.0587565779983,0.8789665181008071,0.10846900754948867,13.36425106537212
0,158.55384826660156,160.94725036621094,126.68392944335938,37.77574724095118,38.50577108443863,49.590052972322546,617.047918994497,0.7790891956612891,0.11113160172583747,12.793991717146845
0,133.2925262451172,139.36611938476562,107.46083068847656,47.163250278251645,45.31925214567606,54.21529525821064,855.155654090373,0.795777729618233,0.0805433018739348,13.637082177085444
0,143.47557067871094,147.4047393798828,117.98052978515625,47.12804176590335,49.11980028862825,55.49953387035561,1070.1239534824338,0.764257983512049,0.0689682626514924,13.824445909793749
0,97.78567504882812,115.52886962890625,107.37217712402344,37.31658874125628,33.22099826354648,46.38623654811342,486.4414274407675,0.8018404797137615,0.0978792074588085,13.057778355857579
0,138.33056640625,145.61778259277344,120.11883544921875,42.91327359974267,43.88143879498336,54.361303460522585,610.5921548803341,0.8377919140987804,0.10428965704529194,13.091795876692329
0,148.56886291503906,141.61839294433594,103.11967468261719,45.24516265837616,47.170941027783925,64.0553519248885,882.8527390006241,0.7916905927892774,0.10500508713079473,13.543823110525484
0,140.9656219482422,147.93026733398438,125.23150634765625,43.36055205789899,42.912666403899905,57.43731663996218,945.6101469236584,0.7466644513839629,0.07492862165280646,13.571314227150307
0,132.9168243408203,141.30984497070312,117.23661804199219,52.31043068635496,50.22065451721133,60.14942683555154,1057.044563419117,0.7974034417178851,0.0951968909110428,13.758712383646746
0,132.9163055419922,141.31321716308594,117.23609924316406,52.30958538959426,50.21897144148399,60.14835173347498,1057.068374603517,0.7973923196936823,0.09521063217384138,13.758847964136619
0,140.96563720703125,147.93028259277344,125.23152160644531,43.3605209264027,42.91263958256461,57.437283503797026,945.6062184165938,0.7466651509595738,0.07492837099239352,13.571271329082023
0,138.7439727783203,146.29371643066406,117.24896240234375,37.84839324952313,37.76885136739612,48.62810656345596,705.4213707468277,0.7515859366581787,0.09609052426872824,13.12158229710811
0,138.74380493164062,146.2951202392578,117.24319458007812,37.84919015172763,37.767811006324145,48.63388332856964,705.4176302684058,0.7515881204681865,0.09610774487243075,13.121570883226937
0,142.8135528564453,146.12744140625,130.05392456054688,44.051670738578366,39.30308987443872,46.596388712203044,822.6313775200638,0.7555088906057591,0.09334900583034195,13.437972736471835
0,143.476318359375,147.4055938720703,117.97734069824219,47.124015857908184,49.1151010430732,55.49679492266089,1070.2391585117493,0.7642022420118897,0.06898993600625494,13.82435983305836
0,135.7767791748047,141.77915954589844,125.67866516113281,51.50201967631528,50.32781435091844,61.173985736656356,794.7784051656809,0.847903589399837,0.09988382326611647,13.42160252043681
0,132.7706298828125,143.9124755859375,125.19012451171875,45.29093474377158,42.59399467011062,54.430836746283006,633.2237757262827,0.8355483905530745,0.12292929018273491,13.053379132513044
0,141.287841796875,135.71377563476562,111.49360656738281,57.863792194677316,59.83888496606439,63.23230520876686,753.9855698679588,0.8878375113536054,0.12644459604492536,13.44144148537888
0,143.8505401611328,149.86557006835938,106.70672607421875,44.82701517027318,46.940234502150886,56.1755311194901,944.2225826154597,0.7707671170150118,0.07046211093687824,13.589219871380138
0,130.2816162109375,141.38990783691406,123.06593322753906,49.43400451281505,44.713284683921316,56.80603864867726,857.3191436286518,0.80464148196824,0.09657329407415588,13.589679552798417
0,157.39590454101562,153.4223175048828,123.19703674316406,39.812430218795164,41.74318260558523,57.4970068992842,704.6535140330639,0.7874462904617802,0.09252267505322832,13.125861269328546
0,138.74398803710938,146.29373168945312,117.24900817871094,37.84842258150345,37.76886761091239,48.62807604877305,705.4245464785174,0.751585139331292,0.09609040622374249,13.121602307292717
0,122.24447631835938,138.41461181640625,125.36949157714844,44.972744126191785,37.57300717320601,50.794403909565936,660.5102079128214,0.798469269949747,0.10876174188469158,13.188724086327905
0,132.37997436523438,134.4661865234375,109.54789733886719,53.23651093729459,53.90682957531164,64.02463959011216,840.9613263528443,0.8552821973864632,0.09407503138704279,13.743523231526005
0,131.68960571289062,143.80767822265625,113.13859558105469,53.054855167565705,53.53352973409273,60.64045365925509,944.6156850430116,0.832150852364861,0.09607646138016186,13.676364908654648
0,132.37603759765625,134.47288513183594,109.50370788574219,53.239460639749886,53.902515979268095,64.05957466393787,840.8629810799926,0.8553032305481215,0.09408957955193194,13.743116500625849
0,130.53469848632812,122.88946533203125,105.2132568359375,46.380079145810946,48.1714824232632,55.3379101021275,931.0454593035123,0.7891567820472141,0.08092296232205712,13.85267302824957
0,144.51712036132812,141.21759033203125,112.77536010742188,42.094484190060015,43.010965619021036,53.29246938608042,705.9610494611443,0.80352409334673,0.09160007977882391,13.323349455029296
0,146.00030517578125,135.03152465820312,98.23056030273438,59.27911897489765,60.37703129544706,66.33937053081917,614.4651691506868,0.9106843155324179,0.11422810029169361,13.427810568468123
0,137.9226837158203,137.13233947753906,106.92819213867188,52.52013239917032,55.20861277348885,63.846845966510244,638.4236143400371,0.8894474132320356,0.1158449073139295,13.164415700781934
0,137.9226837158203,137.13233947753906,106.92819213867188,52.520145473117225,55.20862825100268,63.846891852668016,638.4228842722748,0.8894476206779324,0.11584848885387782,13.164382642152141
0,168.14369201660156,167.48594665527344,135.97213745117188,39.08656794716754,41.7436959185342,53.411105323898326,944.9678475826597,0.6919250748331032,0.06217846723447011,13.629215982381044
0,139.47824096679688,151.0733184814453,130.18235778808594,40.453636281670754,38.79767392150739,50.17154861266282,864.9666993013498,0.7225433394431131,0.08995611250865629,13.380550407898205
0,114.48934936523438,109.00340270996094,87.60153198242188,56.98811197166677,58.4228150208431,58.20769466202792,1177.2505441416754,0.8177374249180217,0.1300326535650818,13.65542798525085
0,124.89198303222656,131.40460205078125,115.48060607910156,58.76292197432535,56.16692807504729,66.1351570564086,1156.4378915561313,0.8251576306982678,0.08987451838340521,13.943039599559778
0,143.7397003173828,138.50747680664062,104.97393798828125,49.21656470652694,51.82575969462954,58.799413214381055,988.7388294766428,0.8017053073557661,0.09610704822289315,13.753375138596017
0,151.85621643066406,147.81878662109375,104.63189697265625,34.78307938937623,37.0916051019031,49.98203471843512,603.5927001183436,0.7542941274328999,0.10001666211161477,12.944766515512583
0,144.3278045654297,137.75904846191406,109.36312866210938,53.538441585410595,57.75370877521908,61.46709750000202,892.1975452500233,0.8558638036699625,0.09977737361962896,13.702142226455571
0,149.3590087890625,156.90940856933594,128.3150634765625,39.12656918458572,38.160706487604756,58.091446255642,624.2211328425361,0.7928676605648345,0.10788255485062608,13.018655890745809
0,97.78567504882812,115.52886962890625,107.37217712402344,37.31658874125628,33.22099826354648,46.38623654811342,486.44142744076754,0.8018404797137614,0.09787920745880851,13.057778355857579
0,135.94766235351562,141.16578674316406,113.24400329589844,45.570629003907506,43.99983938830028,60.0064547745763,984.8962646578232,0.7521078138650051,0.07895067636797799,13.805233693886123
0,124.88844299316406,131.40736389160156,115.45428466796875,58.767693817695765,56.166859347497585,66.14919607455248,1156.3901929245953,0.8251827858496172,0.08988473655947858,13.942812133306472
0,143.19293212890625,141.47097778320312,120.10704040527344,46.17476635507308,47.45565344809343,58.736945351804074,683.8654557441846,0.8421380388679494,0.12342065739216815,13.066974617646968
0,146.00022888183594,135.0314483642578,98.23048400878906,59.2791345482902,60.3770456141986,66.33935182001716,614.4627284728226,0.9106847038285506,0.11422666614004721,13.4278302757931
0,135.94764709472656,141.1626434326172,113.25727844238281,45.56836760023841,44.002079200802655,59.98989211176667,984.8941021932661,0.7520896068675951,0.07894314480664984,13.805120745211681
0,127.86070251464844,124.44207763671875,92.58596801757812,47.96013819677889,50.63976867410651,55.319181002126626,1012.3228780396951,0.7842289163925713,0.06645152911146437,14.021082698832684
0,131.08255004882812,133.18673706054688,111.8841552734375,60.301507281826225,59.752583686397244,68.14019645172588,1100.629192513095,0.847148578772951,0.07586961906319656,14.109851772355555
0,149.09628295898438,151.3528594970703,111.21334838867188,40.06592209877382,41.54758072001388,50.18336630746712,703.9448468888162,0.7756761443380213,0.08088154731871627,13.381856979721602
0,131.68907165527344,127.083984375,112.87820434570312,59.60206802327718,61.49637298433357,67.4881294072295,1155.1244179221924,0.8446141784805585,0.08643055582445117,14.015448228767202
0,143.66676330566406,132.5015411376953,101.96499633789062,51.07467173016028,53.47297368635134,60.39275744405751,818.1283472402434,0.8480563255382627,0.10171321707039475,13.694898088866896
0,131.6732635498047,127.08122253417969,112.83393859863281,59.622686836895504,61.50685722175538,67.55177364590553,1155.0111358612062,0.8447173280214642,0.08654036444372123,14.015797882543133
0,143.6649627685547,132.51141357421875,101.91221618652344,51.07834286461099,53.46782386465827,60.44130362403345,818.0940766472022,0.8480717353387908,0.10173909945612186,13.694913234327949
0,122.24443054199219,138.41456604003906,125.36944580078125,44.97272215153237,37.57297823529732,50.79438757016773,660.5062854130618,0.7984702109667637,0.10876207342959536,13.188736575734353
0,143.66673278808594,132.5015106201172,101.9649658203125,51.07466734847576,53.47297111902566,60.39276222688745,818.1289744629462,0.8480561965768174,0.10171321665666666,13.694892302366439
0,132.04393005371094,135.2431182861328,108.61184692382812,53.16071359960225,53.728633078810994,60.41129277266668,978.6413198799733,0.8287431114513613,0.09414134997112428,13.658635279558494
0,124.89192199707031,131.40455627441406,115.48052978515625,58.763284875383526,56.167248836944665,66.13544866506527,1156.4336980668484,0.82516019738812,0.08987045143522737,13.942982664885001
0,136.5312042236328,137.6768035888672,113.96263122558594,46.23570140752746,48.49383747658879,52.77742390509504,1273.3418867142434,0.7106190140524153,0.06342638013063155,13.931589600919708
0,121.68844604492188,131.5165252685547,108.23432922363281,56.04982730064298,58.22412819748275,61.49106023134194,968.8615029225529,0.8482852276209547,0.09794635016974511,13.862072433565386
0,113.9141845703125,121.17082214355469,102.85343933105469,47.96127018453515,44.77628558540274,55.77297312608373,1036.092854025494,0.7562062373319923,0.07701827740389822,13.906161980561063
0,113.92164611816406,121.1768798828125,102.86685180664062,47.948000820329014,44.761305353120115,55.75988601805159,1036.2256086451116,0.7560232057821255,0.07696147180662602,13.906095486839952
0,136.5342254638672,137.67958068847656,113.9649658203125,46.22683106336181,48.485709142083316,52.771763302910784,1273.4659501453757,0.7104888591233501,0.06338844127758647,13.93199366701987
0,113.92164611816406,121.1768798828125,102.86686706542969,47.94802564274535,44.7613394423477,55.75989494816612,1036.2250714118359,0.7560236744260469,0.07695736627082675,13.906099699303969
0,138.2602081298828,142.34780883789062,120.34736633300781,45.77686253619675,42.057640494718534,52.66468271065992,869.7019987805163,0.772990372208666,0.0797099339805159,13.622156246144034
0,145.30816650390625,144.60650634765625,113.81121826171875,49.96051301332191,51.916686379340504,60.019192282684365,1253.468968455641,0.7570253324120128,0.063013865208514,14.065648064463968
0,156.70314025878906,158.70396423339844,123.80908203125,37.96688274925155,38.95716062450555,53.98965259375581,612.566331353926,0.7889369913923465,0.0973257121724747,13.111378085093486
0,139.477783203125,151.07289123535156,130.18190002441406,40.45331390958536,38.7972755337968,50.171396991487164,865.0240736886046,0.7225198696156404,0.08996124483325457,13.380597882084192
0,122.24443054199219,138.41456604003906,125.36944580078125,44.97272215153237,37.57297823529732,50.79438757016773,660.5062854130617,0.7984702109667637,0.10876207342959537,13.188736575734353
0,151.85626220703125,147.8231964111328,104.61524963378906,34.785256042369454,37.086019454798674,50.00434940792062,603.5263642138838,0.754317756785346,0.10002367719933314,12.944455073556485
0,120.12197875976562,127.22213745117188,109.37687683105469,48.20647034674434,39.78436676986274,47.29415534189852,1509.1284963565681,0.5602095249998533,0.04161019991544898,14.094122454916787
0,117.40231323242188,125.40348815917969,103.81513977050781,56.618620807893386,43.35481774379168,58.44343237068509,952.5048849601108,0.7932006504356526,0.07384310799210393,13.763113681765198
0,123.03059387207031,128.5138397216797,112.74462890625,48.74924842596085,36.30793950446321,47.505534298884015,1060.6060813148779,0.6662449904558942,0.05475750697672297,13.826501576952179
0,120.71212768554688,127.77008056640625,109.88279724121094,46.941038930537395,38.06608568641773,46.09195685826405,1272.1354760789109,0.6042111437806484,0.046140765195139405,13.949706017537846
0,120.71212768554688,127.77008056640625,109.88279724121094,46.94108248894241,38.06611575015312,46.09200386748409,1272.1399842007872,0.6042105040868578,0.04614023850366154,13.949710990385132
0,117.98410034179688,127.98358154296875,103.65370178222656,57.94770263022332,42.47135127260018,60.03171359367155,1149.303078653642,0.7494656543933735,0.06389895009443063,13.895201022185386
0,118.57403564453125,128.5339813232422,104.14987182617188,57.158058771635154,40.992996049965456,59.49257965734323,937.805146337946,0.7873114025813166,0.06932683722558923,13.755433107134202
0,113.17259216308594,120.80398559570312,99.35786437988281,50.80465338262855,39.43533285366169,52.25637004759737,1297.927371158327,0.6499363636156676,0.04556376141426295,14.123053645802873
0,112.71920776367188,120.357421875,98.94036865234375,51.763479474735334,40.913219956759995,53.0443420557902,1524.6466193140843,0.6089665205996132,0.04287270371088864,14.238945121382017
0,83.80821228027344,98.06472778320312,68.96994018554688,54.787863043113056,50.874450144464284,51.09698342187881,578.0385704416567,0.8857647084609561,0.1953631542482829,12.26157727732189
0,108.75181579589844,119.41461181640625,90.549560546875,48.14876998390654,30.58840491517312,47.572430293968154,462.95028579752955,0.8217604103944636,0.08699538183362444,13.117070799968694
0,99.52210998535156,107.42008972167969,90.84136962890625,61.49241901133297,56.855159645473364,58.17819475499638,1016.0050379361296,0.8449434929463213,0.1707454094297862,12.764627732398782
0,123.328125,129.3629913330078,129.5067596435547,47.70940778874471,34.811248986753505,34.760333824327745,903.1394261071455,0.6820714018867595,0.05764966466475535,13.644927828243157
0,97.58824157714844,109.72346496582031,84.48483276367188,64.64156894438773,57.228651753081316,63.57969349551977,1125.9627880803048,0.8374864387655414,0.1518813235196784,13.165448707836012
0,108.75180053710938,119.41459655761719,90.54954528808594,48.148784641528685,30.588415348259776,47.57243993231835,462.9501016435983,0.8217606046779717,0.0869956561758501,13.117067394805076
0,108.02540588378906,118.87823486328125,89.9820556640625,48.70790053859828,31.999202793254454,48.059253502216,605.0515504403351,0.7770801303038057,0.08022365034101088,13.282807536789782
0,118.78988647460938,125.94439697265625,110.79437255859375,57.38237676623027,53.12810442770092,59.78417106095212,874.9423666678673,0.8521295714695233,0.11310710133924953,13.67737275929752
0,97.58830261230469,109.72349548339844,84.48493957519531,64.64227229297747,57.22979332572186,63.5803652625091,1126.1296943933814,0.8374680111069038,0.15187876492897256,13.165304541899797
0,113.17250061035156,120.80389404296875,99.35777282714844,50.804660901782356,39.43534787576399,52.25637680646368,1297.9316999020796,0.6499353847495831,0.04556156201551371,14.123081538177482
0,117.97886657714844,127.97575378417969,103.63310241699219,57.7751996078852,42.308539917354764,59.839643827849244,1116.8478817792425,0.7549132154003022,0.06696688559115964,13.86323589111992
0,104.18370056152344,111.64059448242188,95.08465576171875,59.74744456794445,53.86766204956043,56.72051993539773,1052.229574727868,0.8242540292047043,0.14173862438619797,13.082484674172804
0,123.00698852539062,128.49237060546875,112.71141052246094,48.93313751447093,36.53629039082659,47.663075348071224,1118.551119175917,0.6518937285846338,0.05227095398361198,13.873763931370865
0,120.12197875976562,127.22213745117188,109.37687683105469,48.20647034674434,39.78436676986274,47.29415534189852,1509.1284963565681,0.5602095249998533,0.041610199915448995,14.094122454916786
0,123.00698852539062,128.4923858642578,112.71141052246094,48.93244556022377,36.5353532117878,47.66245875718589,1118.493222093064,0.6518974188372879,0.0522329357422631,13.87336021973764
0,108.75180053710938,119.41459655761719,90.54954528808594,48.148784641528685,30.588415348259776,47.57243993231835,462.95010164359826,0.8217606046779716,0.0869956561758501,13.117067394805076
0,118.57403564453125,128.5339813232422,104.14987182617188,57.158058771635154,40.992996049965456,59.49257965734323,937.8051463379461,0.7873114025813166,0.06932683722558924,13.755433107134202
0,123.64466857910156,129.10186767578125,113.26637268066406,47.85356347812517,34.81930764309091,46.61294505073675,903.1047513276135,0.7012798591496073,0.057750389423634065,13.716298556331983
0,88.89738464355469,102.72639465332031,78.99880981445312,55.38738295339053,53.083855416785305,53.91474371308753,1454.1377912791943,0.7363528538583719,0.13043250792984268,13.373432302164654
0,89.44285583496094,99.6185302734375,77.28067016601562,59.58461431739737,56.31405251473981,57.41788508578756,1392.7703658749026,0.779843226609936,0.16546363992747323,12.998432315750753
0,97.08529663085938,97.72320556640625,85.37515258789062,59.21411555185368,49.19024176689592,57.289449301406755,475.0261450373651,0.9117834082463727,0.19727893608985003,12.020977359068883
0,119.17048645019531,117.19906616210938,105.50975036621094,45.800497592886934,29.248611021491953,47.59117832173787,529.8192197261867,0.7847903815830807,0.07668118223844876,13.037923147122537
0,126.99409484863281,140.5371551513672,113.32298278808594,64.61943631920813,58.2376037671675,62.79160275333373,699.7316274389655,0.8958754305248177,0.21537230635399643,11.961123678412509
0,113.17250061035156,120.80462646484375,99.35032653808594,50.804660901782356,39.433873017301394,52.26864303882801,1297.9316999020796,0.6499353847495832,0.04556156201551371,14.123081538177484
0,108.02540588378906,118.87823486328125,89.9820556640625,48.70790053859828,31.999202793254454,48.059253502216,605.0515504403351,0.7770801303038057,0.08022365034101087,13.282807536789784
0,137.4552001953125,144.39974975585938,127.34915161132812,52.69551092029878,37.027420472951356,52.605899737067965,571.0714565912145,0.8384585557015465,0.08687142743535001,13.057587457048195
0,108.75181579589844,119.41461181640625,90.549560546875,48.14876998390654,30.58840491517312,47.572430293968154,462.9502857975295,0.8217604103944636,0.08699538183362444,13.117070799968696
0,94.41946411132812,104.10130310058594,81.8499755859375,58.79787580994446,54.126065419302236,57.151734215825485,1442.293400224672,0.7583044592462448,0.13545539904657306,13.362684881990358
0,108.126953125,118.87088012695312,90.00218200683594,48.573472795023584,31.753979864547244,47.98695461510358,558.8759988646191,0.7923045950724346,0.08385539161110697,13.215254811507048
0,99.51786804199219,107.41978454589844,90.84103393554688,61.49093152637324,56.85554407138145,58.178577286098125,1016.0701533514746,0.8449349069609523,0.1707764013643406,12.76457408171931
0,108.02534484863281,118.878173828125,89.98199462890625,48.70822887764897,31.999816736612964,48.05966336949755,605.1423653312423,0.7770543211478962,0.08022052589913951,13.283067964307108
0,119.97831726074219,129.43775939941406,108.92945861816406,47.684295376846634,34.24592201193425,46.168952306633074,508.38455964953346,0.8227427612175986,0.1256975365692771,12.827755876258356
0,97.71029663085938,107.53549194335938,88.6241455078125,61.07490089609376,59.31348188555754,57.933700545863736,1407.1709662299345,0.7942846164304312,0.163482580582131,12.991360954463445
0,102.34396362304688,111.61392211914062,92.88363647460938,59.22426234496566,56.32072911330504,56.388371556861316,1445.1002743986676,0.7685762726371724,0.13377854381193235,13.310634879303242
0,83.80805969238281,98.0645751953125,68.96978759765625,54.78787142097385,50.87450402586874,51.09700752042898,578.0849258097843,0.8857554966253852,0.19529135867185177,12.261707917351366
0,132.6361846923828,137.45191955566406,115.98173522949219,46.05722939994428,36.191004344292615,45.329633940184074,1530.2168669952648,0.4686618969368962,0.037316050480296944,13.978819997415979
0,92.23046875,104.77938842773438,79.39947509765625,65.20323206373759,59.53694203609043,63.50198141799661,1097.5317546286274,0.8497013324683417,0.17961820291514466,12.852889429789164
0,106.95951843261719,118.846435546875,95.96482849121094,47.477586072123195,37.22658351245139,48.53016211253648,1277.277921051998,0.6030832570079833,0.04262568019198278,14.057695052387118
0,130.79818725585938,139.64608764648438,119.736572265625,58.249138012793715,43.043488863543914,61.025383115497235,788.8099399419689,0.8343782516877224,0.08888547175216437,13.43213648020172
0,107.69783020019531,91.17671203613281,92.79435729980469,102.1528735840241,107.122156628323,96.85431038148695,980.1556992803246,0.8272997168185465,0.4209868828732143,9.448828326291128
0,104.18357849121094,111.64044189453125,95.08454895019531,59.74734432012591,53.86757435230961,56.72031200961597,1052.2174778480623,0.824255363741182,0.14170126123957028,13.082599750712873
0,120.68614196777344,135.81361389160156,106.04579162597656,64.53571144229484,62.16563198729447,62.68272283779948,299.2070410719434,0.9589935626504791,0.27729428309934784,10.972025399410567
0,130.79820251464844,139.64610290527344,119.73658752441406,58.24915339016022,43.04350192814179,61.02539830878317,788.8118265360672,0.8343779532776359,0.08888905443970675,13.432119659601996
0,112.61094665527344,120.32978820800781,98.95072937011719,51.747281550540734,41.01263368695075,53.02925366397269,1542.5393948090864,0.6048955017047462,0.04145366291008158,14.255407225565794
0,117.35530090332031,94.8663330078125,96.47930908203125,96.46127805992735,111.90426775126899,85.2479294281583,632.9657820910224,0.8350038352225165,0.39112704599048037,9.716458962323578
0,131.19775390625,141.73670959472656,121.05418395996094,50.506587002572466,38.02009090038612,52.071947735593355,1065.4495908124268,0.6894845157351781,0.0535221920713213,13.864817372931487
0,116.12728881835938,126.38548278808594,104.69174194335938,47.883030175697115,32.68984995537683,48.795227444446674,601.8846299800554,0.7876575213002329,0.08608640676134999,13.112097482780339
0,89.44351196289062,99.61798095703125,77.28077697753906,59.581749527255546,56.31422681068074,57.41693543045821,1392.7589619076784,0.7798400391080396,0.16549408438414986,12.997904831601053
0,126.25285339355469,133.81124877929688,118.99319458007812,52.349222102963395,45.03346383977502,52.822047341765476,737.8715500648783,0.8366830722774825,0.11189466041160573,13.453499112520372
0,106.45166015625,118.31930541992188,95.50907897949219,48.43771529365192,38.89936094073573,49.36471637463253,1507.885920349143,0.5583206961040086,0.039312462649388064,14.189773364821523
0,131.7578582763672,142.31814575195312,121.63818359375,49.57290774163718,36.3773609270497,51.214030019815766,889.755044559183,0.7269170035610406,0.0561608320937734,13.750184644734922
0,119.24163818359375,117.94854736328125,118.15789794921875,44.80638949908046,27.71188802886266,27.650619591507766,385.03545868776405,0.8131520721781583,0.08473632778320248,12.801809874210914
0,130.9978485107422,141.6189727783203,120.96853637695312,50.697470658186646,38.22977932662945,52.23201593658999,1084.491487243487,0.6877598048285063,0.04965686188348638,13.915629275932355
0,119.6807861328125,117.69877624511719,106.0126953125,44.90719767796968,27.635538717589863,46.81001475807614,385.3703084000141,0.8343638098652705,0.08500442862890027,12.830249779631892
0,106.95951843261719,118.846435546875,95.96482849121094,47.477586072123195,37.22658351245139,48.53016211253648,1277.277921051998,0.6030832570079834,0.04262568019198279,14.057695052387118
0,122.71127319335938,125.81170654296875,108.91072082519531,46.80572855382313,34.49760284028998,47.00851438425478,1403.9088900753304,0.513056648084862,0.03716317908440371,13.99003394629392
0,115.55593872070312,124.37306213378906,101.19105529785156,59.50155341787957,41.50193727018671,63.05206821042765,1004.1632514687853,0.783093407532357,0.07539641602791029,13.58803406259688
0,84.11289978027344,98.61885070800781,74.65669250488281,56.06711720510849,55.411733222381926,54.13880077372167,1398.4442525711254,0.7621565285548699,0.16088054389055106,13.01033900069148
0,88.89724731445312,102.72630310058594,78.99864196777344,55.38649960167051,53.0829233212758,53.91381328270256,1453.9531568987877,0.7363768598784459,0.13041978623707806,13.373172216238528
0,130.9978485107422,141.6189727783203,120.96853637695312,50.697470658186646,38.22977932662945,52.23201593658999,1084.491487243487,0.6877598048285063,0.049656861883486385,13.915629275932357
0,107.22837829589844,119.95089721679688,98.42633056640625,64.27820782687564,61.043597039750594,62.80947748139948,1025.958806573793,0.8608475457541189,0.1700415875167492,12.780139959118966
0,97.08485412597656,97.72276306152344,85.37449645996094,59.21386094673854,49.189928609112584,57.289542420379284,474.98933697375975,0.9117893577716593,0.19732838477596654,12.021296934073046
0,131.7578582763672,142.31814575195312,121.63818359375,49.57290774163718,36.3773609270497,51.214030019815766,889.755044559183,0.7269170035610406,0.05616083209377339,13.750184644734922
0,123.49020385742188,133.85311889648438,111.05052185058594,55.50148100530007,41.40520637734359,59.53244848415189,1055.65322403042,0.7580371380810951,0.06359060055244323,14.024032784354585
0,131.75782775878906,142.318115234375,121.63815307617188,49.57292821549395,36.377385941970815,51.21405066011286,889.7598163416706,0.7269158659303099,0.05616341125980563,13.75024138860615
0,130.99790954589844,141.6190185546875,120.96859741210938,50.69835161371398,38.23094503558745,52.23289499950982,1084.6541357290455,0.6877292967931196,0.0496897652494964,13.915649893295848
0,129.95889282226562,143.50437927246094,117.90809631347656,47.21729664731355,33.67373171884509,48.0445530219057,1000.4017396103652,0.6469384699440432,0.06036511093905732,13.683881333701407
0,129.74668884277344,137.4341278076172,118.38059997558594,45.97100376958938,33.21416398060386,47.98036550359719,544.9357563947757,0.8091183083405488,0.12584634373582748,12.951262323987832
0,116.17666625976562,124.94160461425781,101.61289978027344,58.861595951838616,40.13547339173089,62.70063410224181,813.2136510296514,0.8183218795881045,0.08352516546039913,13.41737175748177
0,130.36248779296875,138.1108856201172,119.02474975585938,45.22265148232837,31.90710918987863,47.37974759768448,440.4473554191894,0.8399333952969197,0.12724241516706652,12.882706344955228
0,115.86308288574219,125.10884094238281,125.1806640625,58.767444431982305,40.17280229399228,40.03657289087229,813.7941045210972,0.7985050155865626,0.08339878623421498,13.400360123926184
0,106.45166015625,118.31930541992188,95.50907897949219,48.43771529365192,38.89936094073573,49.36471637463253,1507.8859203491434,0.5583206961040086,0.039312462649388064,14.189773364821523
0,106.95950317382812,118.84642028808594,95.96481323242188,47.47756693644205,37.2265828346694,48.53014150704819,1277.2811254685685,0.6030820646135723,0.0426260093577562,14.057613448796769
0,115.58148193359375,124.35580444335938,101.2423095703125,59.383559838173,41.35198894398995,62.87405183948871,967.8402892667476,0.7897179006502678,0.08109169348798717,13.534003939735276
0,140.22994995117188,135.3087615966797,134.32870483398438,99.43844699213406,111.6121635076721,96.68232012202147,1518.432144908208,0.6922613695998658,0.24325516634449082,11.303661211323934
0,130.02548217773438,133.93450927734375,117.9300537109375,53.88485159595406,38.59658171264384,54.412116542259625,942.0000203347261,0.7549567881579304,0.07368256703621312,13.674911628968491
0,115.5562744140625,124.3734130859375,101.19140625,59.502960446857784,41.50347404829392,63.05344424902607,1004.3128959865188,0.7830745607458988,0.07537030214212266,13.587774343489933
0,116.17666625976562,124.94160461425781,101.61289978027344,58.86159750722854,40.13545058079765,62.70063288544476,813.2083979118602,0.8183229656242234,0.08352241464769154,13.417401118545454
0,116.17666625976562,124.94673156738281,101.59613037109375,58.86159750722854,40.13049792878444,62.72024187716026,813.1836995686747,0.8183236783904453,0.08352097951517462,13.417358906860763
0,131.30987548828125,142.47164916992188,142.42962646484375,49.37217052201381,36.371477686526944,36.35415680159564,889.4101111351395,0.7057590020987213,0.055857938077198785,13.67072930519003
0,112.61082458496094,120.32966613769531,98.95054626464844,51.74752625985984,41.01285120142556,53.029621515370174,1542.55276676939,0.6048954897220326,0.041488828690664045,14.255434371157664
0,106.45162963867188,118.31927490234375,95.509033203125,48.43821204522544,38.89993820615893,49.36519950888107,1507.996724216646,0.5583008702370355,0.0393052575910752,14.18944011281135
0,119.05636596679688,117.14927673339844,105.43701171875,45.58560005902158,28.911034397584448,47.41568669472461,479.3097647989952,0.802259577618817,0.08308943093473603,12.940893885411805
0,123.67549133300781,134.48175048828125,113.94403076171875,42.06732733616499,26.07296555204218,41.830909169258895,579.5102847762876,0.6980115268901029,0.08965754999580018,12.96726882684763
0,130.04844665527344,133.9559783935547,117.97354125976562,53.7131336457082,38.39326802643314,54.260146655007816,894.4140741391524,0.7652563312248237,0.07629425617208066,13.62475044884181
0,109.72389221191406,115.62821960449219,98.84103393554688,64.89307245386101,56.39552201839402,62.994182244363294,920.6162807574003,0.8657199156728212,0.16043370796357698,12.957898200006118
0,130.36248779296875,138.1108856201172,119.02474975585938,45.22265148232837,31.90710918987863,47.37974759768448,440.4473554191894,0.8399333952969197,0.12724241516706652,12.882706344955226
0,106.49154663085938,118.40989685058594,95.5657958984375,48.38873321874793,38.710432944196754,49.28072832090859,1477.8699851919919,0.5644494647010283,0.03986269327405659,14.163584370265603
0,104.00044250488281,119.92033386230469,93.41708374023438,60.02926087383612,58.840632627121074,57.345795347475054,886.0628538002204,0.866765345741907,0.17978611289174137,12.503881927556137
0,119.17048645019531,117.19906616210938,105.50975036621094,45.800497592886934,29.248611021491953,47.59117832173787,529.8192197261867,0.7847903815830807,0.07668118223844876,13.037923147122537
